{
  "hash": "64db9cb7",
  "configHash": "10be92d3",
  "lockfileHash": "58f25d46",
  "browserHash": "fa71a771",
  "optimized": {
    "@angular/common": {
      "src": "../../../../../node_modules/@angular/common/fesm2022/common.mjs",
      "file": "@angular_common.js",
      "fileHash": "369683f5",
      "needsInterop": false
    },
    "@angular/common/http": {
      "src": "../../../../../node_modules/@angular/common/fesm2022/http.mjs",
      "file": "@angular_common_http.js",
      "fileHash": "e0683426",
      "needsInterop": false
    },
    "@angular/core": {
      "src": "../../../../../node_modules/@angular/core/fesm2022/core.mjs",
      "file": "@angular_core.js",
      "fileHash": "1d346d63",
      "needsInterop": false
    },
    "@angular/platform-browser": {
      "src": "../../../../../node_modules/@angular/platform-browser/fesm2022/platform-browser.mjs",
      "file": "@angular_platform-browser.js",
      "fileHash": "a4ea1105",
      "needsInterop": false
    },
    "@angular/router": {
      "src": "../../../../../node_modules/@angular/router/fesm2022/router.mjs",
      "file": "@angular_router.js",
      "fileHash": "ec5da1c0",
      "needsInterop": false
    },
    "@angular/forms": {
      "src": "../../../../../node_modules/@angular/forms/fesm2022/forms.mjs",
      "file": "@angular_forms.js",
      "fileHash": "9cba2c39",
      "needsInterop": false
    }
  },
  "chunks": {
    "chunk-G55FVHUF": {
      "file": "chunk-G55FVHUF.js"
    },
    "chunk-MNTJZPJI": {
      "file": "chunk-MNTJZPJI.js"
    },
    "chunk-NP3EKZ2C": {
      "file": "chunk-NP3EKZ2C.js"
    },
    "chunk-3JF4NTC2": {
      "file": "chunk-3JF4NTC2.js"
    }
  }
}